BIAS TYPE,Category,Geometry,Incident Date,Number of Records,OFFENSE GROUP,OFFENSE CATEGORY,Reported Offense,Neighborho,Precinct
LGBTQ Only,CRIME WITH BIAS ELEMENTS,,3/29/2018,1,Society,Harassment,HARASSMENT,,Unknown
Ethnicity Only,CRIME WITH BIAS ELEMENTS,POLYGON,10/27/2018,1,Society,Trespass,TRESPASS,CAPITOL HILL,E
Ethnicity Only,CRIME WITH BIAS ELEMENTS,POLYGON,9/10/2018,1,Society,Harassment,HARASSMENT,MADRONA/LESCHI,E
Homeless Only,CRIME WITH BIAS ELEMENTS,POLYGON,8/7/2018,1,Person,Assault,ASSLT-NONAGG,FIRST HILL,E
LGBTQ Only,CRIME WITH BIAS ELEMENTS,POLYGON,12/26/2018,1,Person,Assault,ASSLT-NONAGG,CAPITOL HILL,E
LGBTQ Only,CRIME WITH BIAS ELEMENTS,POLYGON,8/31/2018,1,Person,Assault,ASSLT-NONAGG,CAPITOL HILL,E
LGBTQ Only,CRIME WITH BIAS ELEMENTS,POLYGON,8/3/2018,1,Person,Robbery,ROBBERY-STREET-BODYFORCE,CENTRAL AREA/SQUIRE PARK,E
LGBTQ Only,CRIME WITH BIAS ELEMENTS,POLYGON,10/14/2018,1,Person,Assault,ASSLT-AGG-WEAPON,CENTRAL AREA/SQUIRE PARK,E
LGBTQ Only,CRIME WITH BIAS ELEMENTS,POLYGON,6/27/2018,1,Society,Trespass,TRESPASS,CENTRAL AREA/SQUIRE PARK,E
LGBTQ Only,CRIME WITH BIAS ELEMENTS,POLYGON,1/25/2018,1,Person,Assault,ASSLT-AGG-WEAPON,CAPITOL HILL,E
LGBTQ Only,CRIME WITH BIAS ELEMENTS,POLYGON,12/21/2018,1,Person,Assault,ASSLT-NONAGG,CAPITOL HILL,E
LGBTQ Only,CRIME WITH BIAS ELEMENTS,POLYGON,9/12/2018,1,Person,Assault,ASSLT-NONAGG,CAPITOL HILL,E
LGBTQ Only,CRIME WITH BIAS ELEMENTS,POLYGON,7/5/2018,1,Society,Threats,THREATS-KILL,CAPITOL HILL,E
LGBTQ Only,CRIME WITH BIAS ELEMENTS,POLYGON,7/25/2018,1,Society,Order Violation,VIOL-COURT ORDER,CAPITOL HILL,E
LGBTQ Only,CRIME WITH BIAS ELEMENTS,POLYGON,4/20/2018,1,Person,Assault,ASSLT-AGG-WEAPON,CAPITOL HILL,E
LGBTQ Only,CRIME WITH BIAS ELEMENTS,POLYGON,7/31/2018,1,Person,Assault,ASSLT-AGG-WEAPON,CAPITOL HILL,E
LGBTQ Only,CRIME WITH BIAS ELEMENTS,POLYGON,6/27/2018,1,Person,Assault,ASSLT-NONAGG,CAPITOL HILL,E
LGBTQ Only,CRIME WITH BIAS ELEMENTS,POLYGON,5/19/2018,1,Person,Assault,ASSLT-NONAGG,CAPITOL HILL,E
LGBTQ Only,CRIME WITH BIAS ELEMENTS,POLYGON,12/24/2018,1,Society,Disturbance,DISTURBANCE-OTH,CAPITOL HILL,E
LGBTQ Only,CRIME WITH BIAS ELEMENTS,POLYGON,11/12/2018,1,Society,Harassment,HARASSMENT,CAPITOL HILL,E
LGBTQ Only,CRIME WITH BIAS ELEMENTS,POLYGON,9/20/2018,1,Society,Property Damage,PROPERTY DAMAGE - GRAFFITI,CAPITOL HILL,E
LGBTQ Only,CRIME WITH BIAS ELEMENTS,POLYGON,9/3/2018,1,Society,Property Damage,PROPERTY DAMAGE-NON RESIDENTIA,CAPITOL HILL,E
LGBTQ Only,CRIME WITH BIAS ELEMENTS,POLYGON,9/17/2018,1,Society,Threats,THREATS-WEAPON,CAPITOL HILL,E
LGBTQ Only,CRIME WITH BIAS ELEMENTS,POLYGON,9/22/2018,1,Society,Threats,THREATS-OTHER,FIRST HILL,E
LGBTQ Only,CRIME WITH BIAS ELEMENTS,POLYGON,2/5/2018,1,Person,Assault,ASSLT-NONAGG,JUDKINS PARK/NORTH BEACON HILL,E
Multiple Categories,CRIME WITH BIAS ELEMENTS,POLYGON,1/13/2018,1,Person,Assault,ASSLT-NONAGG,CENTRAL AREA/SQUIRE PARK,E
Multiple Categories,CRIME WITH BIAS ELEMENTS,POLYGON,3/14/2018,1,Society,Harassment,HARASSMENT,JUDKINS PARK/NORTH BEACON HILL,E
Race Only,CRIME WITH BIAS ELEMENTS,POLYGON,5/27/2018,1,Person,Assault,ASSLT-NONAGG,CAPITOL HILL,E
Race Only,CRIME WITH BIAS ELEMENTS,POLYGON,9/16/2018,1,Person,Robbery,ROBBERY-BUSINESS-BODYFORCE,CENTRAL AREA/SQUIRE PARK,E
Race Only,CRIME WITH BIAS ELEMENTS,POLYGON,12/17/2018,1,Person,Assault,ASSLT-NONAGG,CAPITOL HILL,E
Race Only,CRIME WITH BIAS ELEMENTS,POLYGON,12/24/2018,1,Person,Assault,ASSLT-NONAGG,CAPITOL HILL,E
Race Only,CRIME WITH BIAS ELEMENTS,POLYGON,3/10/2018,1,Property,Theft,THEFT-BUILDING,CAPITOL HILL,E
Race Only,CRIME WITH BIAS ELEMENTS,POLYGON,4/3/2018,1,Person,Assault,ASSLT-AGG-WEAPON,CAPITOL HILL,E
Race Only,CRIME WITH BIAS ELEMENTS,POLYGON,6/24/2018,1,Person,Assault,ASSLT-NONAGG,CAPITOL HILL,E
Race Only,CRIME WITH BIAS ELEMENTS,POLYGON,9/27/2018,1,Society,Harassment,HARASSMENT,CAPITOL HILL,E
Race Only,CRIME WITH BIAS ELEMENTS,POLYGON,4/19/2018,1,Person,Assault,ASSLT-NONAGG,FIRST HILL,E
Race Only,CRIME WITH BIAS ELEMENTS,POLYGON,11/12/2018,1,Person,Assault,ASSLT-NONAGG,FIRST HILL,E
Race Only,CRIME WITH BIAS ELEMENTS,POLYGON,9/29/2018,1,Person,Robbery,ROBBERY-STREET-BODYFORCE,FIRST HILL,E
Race Only,CRIME WITH BIAS ELEMENTS,POLYGON,4/15/2018,1,Property,Theft,THEFT OF SERVICES,FIRST HILL,E
Race Only,CRIME WITH BIAS ELEMENTS,POLYGON,9/15/2018,1,Society,Threats,THREATS-KILL,FIRST HILL,E
Race Only,CRIME WITH BIAS ELEMENTS,POLYGON,6/9/2018,1,Society,Threats,THREATS-OTHER,FIRST HILL,E
Race Only,CRIME WITH BIAS ELEMENTS,POLYGON,11/8/2018,1,Society,Misdemeanor Warrant/Arrest,WARRARR-MISDEMEANOR,FIRST HILL,E
Race Only,CRIME WITH BIAS ELEMENTS,POLYGON,3/11/2018,1,Person,Assault,ASSLT-NONAGG,FIRST HILL,E
Race Only,CRIME WITH BIAS ELEMENTS,POLYGON,6/6/2018,1,Person,Assault,ASSLT-NONAGG,FIRST HILL,E
Race Only,CRIME WITH BIAS ELEMENTS,POLYGON,6/24/2018,1,Society,Disorderly Conduct,DISORDERLY CONDUCT,CENTRAL AREA/SQUIRE PARK,E
Race Only,CRIME WITH BIAS ELEMENTS,POLYGON,11/25/2018,1,Society,Threats,THREATS-OTHER,CENTRAL AREA/SQUIRE PARK,E
Race Only,CRIME WITH BIAS ELEMENTS,POLYGON,12/26/2018,1,Society,Property Damage,PROPERTY DAMAGE-RESIDENTIAL,FIRST HILL,E
Race Only,CRIME WITH BIAS ELEMENTS,POLYGON,2/21/2018,1,Society,Threats,THREATS-OTHER,JUDKINS PARK/NORTH BEACON HILL,E
Religion Only,CRIME WITH BIAS ELEMENTS,POLYGON,10/27/2018,1,Society,Property Damage,PROPERTY DAMAGE - GRAFFITI,MADISON PARK,E
Religion Only,CRIME WITH BIAS ELEMENTS,POLYGON,10/19/2018,1,Society,Property Damage,PROPERTY DAMAGE-NON RESIDENTIA,CENTRAL AREA/SQUIRE PARK,E
Religion Only,CRIME WITH BIAS ELEMENTS,POLYGON,9/29/2018,1,Society,Property Damage,PROPERTY DAMAGE - GRAFFITI,CAPITOL HILL,E
Religion Only,CRIME WITH BIAS ELEMENTS,POLYGON,6/1/2018,1,Society,Threats,THREATS-OTHER,CAPITOL HILL,E
Religion Only,CRIME WITH BIAS ELEMENTS,POLYGON,4/25/2018,1,Society,Property Damage,PROPERTY DAMAGE - GRAFFITI,CENTRAL AREA/SQUIRE PARK,E
Ethnicity Only,CRIME WITH BIAS ELEMENTS,POLYGON,3/22/2018,1,Person,Assault,ASSLT-AGG-WEAPON,SANDPOINT,N
Ethnicity Only,CRIME WITH BIAS ELEMENTS,POLYGON,9/11/2018,1,Society,Property Damage,PROPERTY DAMAGE-NON RESIDENTIA,UNIVERSITY,N
Homeless Only,CRIME WITH BIAS ELEMENTS,POLYGON,2/5/2018,1,Property,Arson,ARSON-OTHER,UNIVERSITY,N
LGBTQ Only,CRIME WITH BIAS ELEMENTS,POLYGON,2/27/2018,1,Person,Assault,ASSLT-AGG-WEAPON,BALLARD SOUTH,N
LGBTQ Only,CRIME WITH BIAS ELEMENTS,POLYGON,1/19/2018,1,Person,Assault,ASSLT-AGG-WEAPON,BALLARD SOUTH,N
LGBTQ Only,CRIME WITH BIAS ELEMENTS,POLYGON,3/2/2018,1,Person,Assault,ASSLT-AGG-WEAPON,BALLARD SOUTH,N
LGBTQ Only,CRIME WITH BIAS ELEMENTS,POLYGON,11/30/2018,1,Person,Assault,ASSLT-NONAGG,BALLARD SOUTH,N
LGBTQ Only,CRIME WITH BIAS ELEMENTS,POLYGON,9/27/2018,1,Person,Assault,ASSLT-NONAGG,GREENWOOD,N
LGBTQ Only,CRIME WITH BIAS ELEMENTS,POLYGON,2/27/2018,1,Society,Threats,THREATS-OTHER,GREENWOOD,N
LGBTQ Only,CRIME WITH BIAS ELEMENTS,POLYGON,1/6/2018,1,Society,Harassment,MALICIOUS HARASSMENT,NORTHGATE,N
LGBTQ Only,CRIME WITH BIAS ELEMENTS,POLYGON,12/4/2018,1,Society,Threats,THREATS-OTHER,BITTERLAKE,N
LGBTQ Only,CRIME WITH BIAS ELEMENTS,POLYGON,6/30/2018,1,Person,Assault,ASSLT-AGG-DV-BODYFORCE,NORTHGATE,N
LGBTQ Only,CRIME WITH BIAS ELEMENTS,POLYGON,2/14/2018,1,Society,Property Damage,PROPERTY DAMAGE-NON RESIDENTIA,UNIVERSITY,N
LGBTQ Only,CRIME WITH BIAS ELEMENTS,POLYGON,3/7/2018,1,Burglary,Burglary,BURGLARY-NOFORCE-NONRES,UNIVERSITY,N
LGBTQ Only,CRIME WITH BIAS ELEMENTS,POLYGON,10/17/2018,1,Society,Harassment,HARASSMENT,UNIVERSITY,N
LGBTQ Only,CRIME WITH BIAS ELEMENTS,POLYGON,2/22/2018,1,Property,Theft,THEFT-SHOPLIFT,UNIVERSITY,N
LGBTQ Only,CRIME WITH BIAS ELEMENTS,POLYGON,6/15/2018,1,Society,Threats,THREATS-OTHER,UNIVERSITY,N
LGBTQ Only,CRIME WITH BIAS ELEMENTS,POLYGON,8/25/2018,1,Society,Threats,THREATS-OTHER,UNIVERSITY,N
LGBTQ Only,CRIME WITH BIAS ELEMENTS,POLYGON,9/25/2018,1,Society,Threats,THREATS-OTHER,UNIVERSITY,N
Multiple Categories,CRIME WITH BIAS ELEMENTS,POLYGON,10/31/2018,1,Person,Robbery,ROBBERY-BUSINESS-WEAPON,FREMONT,N
Multiple Categories,CRIME WITH BIAS ELEMENTS,POLYGON,5/23/2018,1,Society,Property Damage,PROPERTY DAMAGE - GRAFFITI,NORTHGATE,N
Multiple Categories,CRIME WITH BIAS ELEMENTS,POLYGON,6/27/2018,1,Person,Assault,ASSLT-NONAGG,BITTERLAKE,N
Political Views Only,CRIME WITH BIAS ELEMENTS,POLYGON,7/17/2018,1,Society,Property Damage,PROPERTY DAMAGE-RESIDENTIAL,UNIVERSITY,N
Political Views Only,CRIME WITH BIAS ELEMENTS,POLYGON,2/10/2018,1,Person,Assault,ASSLT-AGG-WEAPON,UNIVERSITY,N
Race Only,CRIME WITH BIAS ELEMENTS,POLYGON,6/1/2018,1,Society,Bias Incident,BIAS INCIDENT,BALLARD SOUTH,N
Race Only,CRIME WITH BIAS ELEMENTS,POLYGON,9/26/2018,1,Society,Threats,THREATS-OTHER,BALLARD SOUTH,N
Race Only,CRIME WITH BIAS ELEMENTS,POLYGON,5/9/2018,1,Society,Threats,THREATS-OTHER,BALLARD SOUTH,N
Race Only,CRIME WITH BIAS ELEMENTS,POLYGON,12/8/2018,1,Society,Harassment,MALICIOUS HARASSMENT,FREMONT,N
Race Only,CRIME WITH BIAS ELEMENTS,POLYGON,7/25/2018,1,Society,Threats,THREATS-KILL,FREMONT,N
Race Only,CRIME WITH BIAS ELEMENTS,POLYGON,5/12/2018,1,Person,Assault,ASSLT-AGG-WEAPON,GREENWOOD,N
Race Only,CRIME WITH BIAS ELEMENTS,POLYGON,9/24/2018,1,Society,Harassment,MALICIOUS HARASSMENT,GREENWOOD,N
Race Only,CRIME WITH BIAS ELEMENTS,POLYGON,6/25/2018,1,Society,Threats,THREATS-BOMB,GREENWOOD,N
Race Only,CRIME WITH BIAS ELEMENTS,POLYGON,7/24/2018,1,Society,Bias Incident,BIAS INCIDENT,BALLARD NORTH,N
Race Only,CRIME WITH BIAS ELEMENTS,POLYGON,8/23/2018,1,Person,Robbery,ROBBERY-STREET-WEAPON,PHINNEY RIDGE,N
Race Only,CRIME WITH BIAS ELEMENTS,POLYGON,3/4/2018,1,Person,Assault,ASSLT-AGG-WEAPON,ROOSEVELT/RAVENNA,N
Race Only,CRIME WITH BIAS ELEMENTS,POLYGON,1/25/2018,1,Person,Robbery,ROBBERY-STREET-WEAPON,ROOSEVELT/RAVENNA,N
Race Only,CRIME WITH BIAS ELEMENTS,POLYGON,8/7/2018,1,Property,Theft,THEFT-BICYCLE,LAKECITY,N
Race Only,CRIME WITH BIAS ELEMENTS,POLYGON,11/8/2018,1,Property,Theft,VEH-THEFT-AUTO,LAKECITY,N
Race Only,CRIME WITH BIAS ELEMENTS,POLYGON,7/8/2018,1,Society,Threats,THREATS-KILL,NORTHGATE,N
Race Only,CRIME WITH BIAS ELEMENTS,POLYGON,7/4/2018,1,Person,Assault,ASSLT-AGG-WEAPON,LAKECITY,N
Race Only,CRIME WITH BIAS ELEMENTS,POLYGON,6/30/2018,1,Society,Property Damage,PROPERTY DAMAGE - GRAFFITI,LAKECITY,N
Race Only,CRIME WITH BIAS ELEMENTS,POLYGON,10/8/2018,1,Society,Property Damage,PROPERTY DAMAGE-NON RESIDENTIA,LAKECITY,N
Race Only,CRIME WITH BIAS ELEMENTS,POLYGON,10/19/2018,1,Person,Assault,ASSLT-AGG-DV-WEAPON,BITTERLAKE,N
Race Only,CRIME WITH BIAS ELEMENTS,POLYGON,10/23/2018,1,Person,Assault,ASSLT-AGG-WEAPON,BITTERLAKE,N
Race Only,CRIME WITH BIAS ELEMENTS,POLYGON,6/16/2018,1,Person,Assault,ASSLT-NONAGG,BITTERLAKE,N
Race Only,CRIME WITH BIAS ELEMENTS,POLYGON,9/20/2018,1,Society,Threats,THREATS-KILL,BITTERLAKE,N
Race Only,CRIME WITH BIAS ELEMENTS,POLYGON,1/16/2018,1,Society,Property Damage,PROPERTY DAMAGE-RESIDENTIAL,GREENWOOD,N
Race Only,CRIME WITH BIAS ELEMENTS,POLYGON,7/15/2018,1,Person,Assault,ASSLT-AGG-WEAPON,BITTERLAKE,N
Race Only,CRIME WITH BIAS ELEMENTS,POLYGON,5/5/2018,1,Person,Assault,ASSLT-NONAGG,BITTERLAKE,N
Race Only,CRIME WITH BIAS ELEMENTS,POLYGON,11/15/2018,1,Society,Threats,THREATS-KILL,BITTERLAKE,N
Race Only,CRIME WITH BIAS ELEMENTS,POLYGON,12/20/2018,1,Person,Assault,ASSLT-NONAGG,NORTHGATE,N
Race Only,CRIME WITH BIAS ELEMENTS,POLYGON,3/2/2018,1,Person,Assault,ASSLT-AGG-WEAPON,NORTHGATE,N
Race Only,CRIME WITH BIAS ELEMENTS,POLYGON,4/14/2018,1,Property,Theft,THEFT-SHOPLIFT,NORTHGATE,N
Race Only,CRIME WITH BIAS ELEMENTS,POLYGON,5/25/2018,1,Society,Threats,THREATS-WEAPON,NORTHGATE,N
Race Only,CRIME WITH BIAS ELEMENTS,POLYGON,5/31/2018,1,Person,Assault,ASSLT-NONAGG,UNIVERSITY,N
Race Only,CRIME WITH BIAS ELEMENTS,POLYGON,12/1/2018,1,Person,Assault,ASSLT-NONAGG,UNIVERSITY,N
Race Only,CRIME WITH BIAS ELEMENTS,POLYGON,6/19/2018,1,Person,Assault,ASSLT-NONAGG,UNIVERSITY,N
Race Only,CRIME WITH BIAS ELEMENTS,POLYGON,10/25/2018,1,Person,Robbery,ROBBERY-BUSINESS-WEAPON,UNIVERSITY,N
Race Only,CRIME WITH BIAS ELEMENTS,POLYGON,4/16/2018,1,Society,Threats,THREATS-OTHER,UNIVERSITY,N
Race Only,CRIME WITH BIAS ELEMENTS,POLYGON,3/14/2018,1,Property,Theft,THEFT-SHOPLIFT,ROOSEVELT/RAVENNA,N
Race Only,CRIME WITH BIAS ELEMENTS,POLYGON,5/15/2018,1,Burglary,Burglary,BURGLARY-FORCE-RES,SANDPOINT,N
Religion Only,CRIME WITH BIAS ELEMENTS,POLYGON,3/16/2018,1,Person,Assault,ASSLT-NONAGG,LAKECITY,N
Religion Only,CRIME WITH BIAS ELEMENTS,POLYGON,7/18/2018,1,Society,Property Damage,PROPERTY DAMAGE - GRAFFITI,BITTERLAKE,N
Religion Only,CRIME WITH BIAS ELEMENTS,POLYGON,2/7/2018,1,Society,Property Damage,PROPERTY DAMAGE - GRAFFITI,ROOSEVELT/RAVENNA,N
Religion Only,CRIME WITH BIAS ELEMENTS,POLYGON,11/1/2018,1,Society,Property Damage,PROPERTY DAMAGE - GRAFFITI,ROOSEVELT/RAVENNA,N
Disability Only,CRIME WITH BIAS ELEMENTS,POLYGON,4/9/2018,1,Property,Theft,THEFT-OTH,MOUNT BAKER,S
Ethnicity Only,CRIME WITH BIAS ELEMENTS,POLYGON,4/5/2018,1,Society,Threats,THREATS-OTHER,SODO,S
Ethnicity Only,CRIME WITH BIAS ELEMENTS,POLYGON,2/25/2018,1,Property,Theft,THEFT-SHOPLIFT,HILLMAN CITY,S
Ethnicity Only,CRIME WITH BIAS ELEMENTS,POLYGON,1/23/2018,1,Society,Trespass,TRESPASS,HILLMAN CITY,S
Gender Only,CRIME WITH BIAS ELEMENTS,POLYGON,8/31/2018,1,Person,Assault,ASSLT-NONAGG,GEORGETOWN,S
LGBTQ Only,CRIME WITH BIAS ELEMENTS,POLYGON,5/10/2018,1,Person,Assault,ASSLT-AGG-WEAPON,CLAREMONT/RAINIER VISTA,S
LGBTQ Only,CRIME WITH BIAS ELEMENTS,POLYGON,6/16/2018,1,Society,Harassment,HARASSMENT,CLAREMONT/RAINIER VISTA,S
LGBTQ Only,CRIME WITH BIAS ELEMENTS,POLYGON,4/2/2018,1,Person,Assault,ASSLT-AGG-WEAPON,RAINIER BEACH,S
Multiple Categories,CRIME WITH BIAS ELEMENTS,POLYGON,4/1/2018,1,Person,Assault,ASSLT-NONAGG,NEW HOLLY,S
Multiple Categories,CRIME WITH BIAS ELEMENTS,POLYGON,8/22/2018,1,Society,Property Damage,PROPERTY DAMAGE - GRAFFITI,SOUTH BEACON HILL,S
Race Only,CRIME WITH BIAS ELEMENTS,POLYGON,7/6/2018,1,Society,Threats,THREATS-KILL,SODO,S
Race Only,CRIME WITH BIAS ELEMENTS,POLYGON,8/2/2018,1,Society,Threats,THREATS-OTHER,SODO,S
Race Only,CRIME WITH BIAS ELEMENTS,POLYGON,11/16/2018,1,Society,Property Damage,PROPERTY DAMAGE - GRAFFITI,GEORGETOWN,S
Race Only,CRIME WITH BIAS ELEMENTS,POLYGON,4/19/2018,1,Society,Threats,THREATS-OTHER,SODO,S
Race Only,CRIME WITH BIAS ELEMENTS,POLYGON,7/24/2018,1,Society,Threats,THREATS-WEAPON,GEORGETOWN,S
Race Only,CRIME WITH BIAS ELEMENTS,POLYGON,5/25/2018,1,Person,Assault,ASSLT-NONAGG,MID BEACON HILL,S
Race Only,CRIME WITH BIAS ELEMENTS,POLYGON,11/13/2018,1,Person,Robbery,ROBBERY-BUSINESS-BODYFORCE,NORTH BEACON HILL,S
Race Only,CRIME WITH BIAS ELEMENTS,POLYGON,9/11/2018,1,Property,Theft,THEFT OF SERVICES,MOUNT BAKER,S
Race Only,CRIME WITH BIAS ELEMENTS,POLYGON,2/8/2018,1,Person,Assault,ASSLT-NONAGG,NORTH BEACON HILL,S
Race Only,CRIME WITH BIAS ELEMENTS,POLYGON,7/19/2018,1,Person,Sex Offense,RAPE-STRONGARM,NORTH BEACON HILL,S
Race Only,CRIME WITH BIAS ELEMENTS,POLYGON,1/13/2018,1,Society,Trespass,TRESPASS,NORTH BEACON HILL,S
Race Only,CRIME WITH BIAS ELEMENTS,POLYGON,4/14/2018,1,Society,Threats,THREATS-BOMB,GENESEE,S
Race Only,CRIME WITH BIAS ELEMENTS,POLYGON,9/29/2018,1,Person,Assault,ASSLT-AGG-WEAPON,BRIGHTON/DUNLAP,S
Race Only,CRIME WITH BIAS ELEMENTS,POLYGON,12/17/2018,1,Person,Assault,ASSLT-AGG-WEAPON,RAINIER BEACH,S
Race Only,CRIME WITH BIAS ELEMENTS,POLYGON,8/7/2018,1,Person,Assault,ASSLT-AGG-DV-WEAPON,RAINIER BEACH,S
Race Only,CRIME WITH BIAS ELEMENTS,POLYGON,8/17/2018,1,Person,Assault,ASSLT-NONAGG,RAINIER BEACH,S
Race Only,CRIME WITH BIAS ELEMENTS,POLYGON,4/18/2018,1,Society,Harassment,HARASSMENT,RAINIER BEACH,S
Religion Only,CRIME WITH BIAS ELEMENTS,POLYGON,2/18/2018,1,Person,Assault,ASSLT-NONAGG,GEORGETOWN,S
Religion Only,CRIME WITH BIAS ELEMENTS,POLYGON,11/1/2018,1,Society,Property Damage,PROPERTY DAMAGE - GRAFFITI,NORTH BEACON HILL,S
Homeless Only,CRIME WITH BIAS ELEMENTS,POLYGON,10/24/2018,1,Person,Assault,ASSLT-AGG-BODYFORCE,COMMERCIAL HARBOR ISLAND,SW
LGBTQ Only,CRIME WITH BIAS ELEMENTS,POLYGON,4/6/2018,1,Society,Threats,THREATS-OTHER,ROXHILL/WESTWOOD/ARBOR HEIGHTS,SW
LGBTQ Only,CRIME WITH BIAS ELEMENTS,POLYGON,7/5/2018,1,Person,Assault,ASSLT-NONAGG,SOUTH PARK,SW
LGBTQ Only,CRIME WITH BIAS ELEMENTS,POLYGON,5/30/2018,1,Person,Assault,ASSLT-NONAGG,ALKI,SW
LGBTQ Only,CRIME WITH BIAS ELEMENTS,POLYGON,4/23/2018,1,Society,Property Damage,PROPERTY DAMAGE - GRAFFITI,MORGAN,SW
Race Only,CRIME WITH BIAS ELEMENTS,POLYGON,6/4/2018,1,Society,Threats,THREATS-KILL,ROXHILL/WESTWOOD/ARBOR HEIGHTS,SW
Race Only,CRIME WITH BIAS ELEMENTS,POLYGON,8/15/2018,1,Person,Assault,ASSLT-AGG-BODYFORCE,ALKI,SW
Race Only,CRIME WITH BIAS ELEMENTS,POLYGON,9/24/2018,1,Person,Assault,ASSLT-NONAGG,ALASKA JUNCTION,SW
Race Only,CRIME WITH BIAS ELEMENTS,POLYGON,3/30/2018,1,Society,Threats,THREATS-OTHER,ALASKA JUNCTION,SW
Race Only,CRIME WITH BIAS ELEMENTS,POLYGON,4/24/2018,1,Person,Assault,ASSLT-NONAGG-DV,ROXHILL/WESTWOOD/ARBOR HEIGHTS,SW
Religion Only,CRIME WITH BIAS ELEMENTS,POLYGON,11/26/2018,1,Society,Property Damage,PROPERTY DAMAGE - GRAFFITI,ROXHILL/WESTWOOD/ARBOR HEIGHTS,SW
Disability Only,CRIME WITH BIAS ELEMENTS,POLYGON,7/25/2018,1,Person,Assault,ASSLT-NONAGG,SLU/CASCADE,W
Disability Only,CRIME WITH BIAS ELEMENTS,POLYGON,10/3/2018,1,Society,Harassment,MALICIOUS HARASSMENT,SLU/CASCADE,W
Disability Only,CRIME WITH BIAS ELEMENTS,POLYGON,11/15/2018,1,Society,Harassment,MALICIOUS HARASSMENT,DOWNTOWN COMMERCIAL,W
Disability Only,CRIME WITH BIAS ELEMENTS,POLYGON,6/24/2018,1,Person,Assault,ASSLT-NONAGG,PIONEER SQUARE,W
Ethnicity Only,CRIME WITH BIAS ELEMENTS,POLYGON,2/19/2018,1,Society,Threats,THREATS-OTHER,BELLTOWN,W
Ethnicity Only,CRIME WITH BIAS ELEMENTS,POLYGON,10/12/2018,1,Person,Assault,ASSLT-AGG-WEAPON,SLU/CASCADE,W
Ethnicity Only,CRIME WITH BIAS ELEMENTS,POLYGON,8/26/2018,1,Person,Assault,ASSLT-NONAGG,SLU/CASCADE,W
Gender Only,CRIME WITH BIAS ELEMENTS,POLYGON,10/6/2018,1,Society,Threats,THREATS-OTHER,SLU/CASCADE,W
Gender Only,CRIME WITH BIAS ELEMENTS,POLYGON,3/1/2018,1,Person,Assault,ASSLT-NONAGG,BELLTOWN,W
Homeless Only,CRIME WITH BIAS ELEMENTS,POLYGON,11/14/2018,1,Person,Assault,ASSLT-AGG-WEAPON,SLU/CASCADE,W
Homeless Only,CRIME WITH BIAS ELEMENTS,POLYGON,1/20/2018,1,Person,Assault,ASSLT-NONAGG,DOWNTOWN COMMERCIAL,W
Homeless Only,CRIME WITH BIAS ELEMENTS,POLYGON,11/11/2018,1,Society,Disturbance,DISTURBANCE-OTH,QUEEN ANNE,W
LGBTQ Only,CRIME WITH BIAS ELEMENTS,POLYGON,3/7/2018,1,Society,Trespass,TRESPASS,BELLTOWN,W
LGBTQ Only,CRIME WITH BIAS ELEMENTS,POLYGON,10/22/2018,1,Person,Assault,ASSLT-NONAGG,SLU/CASCADE,W
LGBTQ Only,CRIME WITH BIAS ELEMENTS,POLYGON,12/21/2018,1,Person,Assault,ASSLT-NONAGG,SLU/CASCADE,W
LGBTQ Only,CRIME WITH BIAS ELEMENTS,POLYGON,4/9/2018,1,Person,Assault,ASSLT-NONAGG,SLU/CASCADE,W
LGBTQ Only,CRIME WITH BIAS ELEMENTS,POLYGON,6/4/2018,1,Person,Assault,ASSLT-NONAGG,CHINATOWN/INTERNATIONAL DISTRICT,W
LGBTQ Only,CRIME WITH BIAS ELEMENTS,POLYGON,1/28/2018,1,Person,Assault,ASSLT-NONAGG,DOWNTOWN COMMERCIAL,W
LGBTQ Only,CRIME WITH BIAS ELEMENTS,POLYGON,8/25/2018,1,Person,Assault,ASSLT-NONAGG,PIONEER SQUARE,W
LGBTQ Only,CRIME WITH BIAS ELEMENTS,POLYGON,2/8/2018,1,Society,Property Damage,PROPERTY DAMAGE-NON RESIDENTIA,PIONEER SQUARE,W
LGBTQ Only,CRIME WITH BIAS ELEMENTS,POLYGON,1/15/2018,1,Person,Assault,ASSLT-NONAGG,BELLTOWN,W
LGBTQ Only,CRIME WITH BIAS ELEMENTS,POLYGON,9/30/2018,1,Person,Assault,ASSLT-NONAGG,DOWNTOWN COMMERCIAL,W
LGBTQ Only,CRIME WITH BIAS ELEMENTS,POLYGON,5/10/2018,1,Society,Harassment,MALICIOUS HARASSMENT,DOWNTOWN COMMERCIAL,W
LGBTQ Only,CRIME WITH BIAS ELEMENTS,POLYGON,8/4/2018,1,Society,Misdemeanor Warrant/Arrest,WARRARR-MISDEMEANOR,DOWNTOWN COMMERCIAL,W
LGBTQ Only,CRIME WITH BIAS ELEMENTS,POLYGON,7/20/2018,1,Person,Assault,ASSLT-NONAGG,SLU/CASCADE,W
LGBTQ Only,CRIME WITH BIAS ELEMENTS,POLYGON,11/1/2018,1,Person,Assault,ASSLT-NONAGG,SLU/CASCADE,W
LGBTQ Only,CRIME WITH BIAS ELEMENTS,POLYGON,11/7/2018,1,Person,Assault,ASSLT-NONAGG,DOWNTOWN COMMERCIAL,W
LGBTQ Only,CRIME WITH BIAS ELEMENTS,POLYGON,2/9/2018,1,Person,Robbery,ROBBERY-STREET-BODYFORCE,DOWNTOWN COMMERCIAL,W
LGBTQ Only,CRIME WITH BIAS ELEMENTS,POLYGON,9/6/2018,1,Person,Assault,ASSLT-AGG-WEAPON,QUEEN ANNE,W
LGBTQ Only,CRIME WITH BIAS ELEMENTS,POLYGON,10/7/2018,1,Society,Harassment,HARASSMENT,QUEEN ANNE,W
Multiple Categories,CRIME WITH BIAS ELEMENTS,POLYGON,4/9/2018,1,Society,Property Damage,PROPERTY DAMAGE-RESIDENTIAL,EASTLAKE - WEST,W
Multiple Categories,CRIME WITH BIAS ELEMENTS,POLYGON,4/16/2018,1,Person,Assault,ASSLT-NONAGG,DOWNTOWN COMMERCIAL,W
Political Views Only,CRIME WITH BIAS ELEMENTS,POLYGON,8/18/2018,1,Person,Assault,ASSLT-AGG-WEAPON,DOWNTOWN COMMERCIAL,W
Race Only,CRIME WITH BIAS ELEMENTS,POLYGON,4/6/2018,1,Person,Assault,ASSLT-NONAGG,BELLTOWN,W
Race Only,CRIME WITH BIAS ELEMENTS,POLYGON,10/25/2018,1,Society,Disturbance,DISTURBANCE-OTH,BELLTOWN,W
Race Only,CRIME WITH BIAS ELEMENTS,POLYGON,1/17/2018,1,Society,Property Damage,PROPERTY DAMAGE - GRAFFITI,SLU/CASCADE,W
Race Only,CRIME WITH BIAS ELEMENTS,POLYGON,10/28/2018,1,Society,Crisis,CRISIS,SLU/CASCADE,W
Race Only,CRIME WITH BIAS ELEMENTS,POLYGON,8/15/2018,1,Society,Disturbance,DISTURBANCE-OTH,DOWNTOWN COMMERCIAL,W
Race Only,CRIME WITH BIAS ELEMENTS,POLYGON,5/24/2018,1,Person,Robbery,ROBBERY-STREET-BODYFORCE,DOWNTOWN COMMERCIAL,W
Race Only,CRIME WITH BIAS ELEMENTS,POLYGON,11/6/2018,1,Society,Threats,THREATS-OTHER,DOWNTOWN COMMERCIAL,W
Race Only,CRIME WITH BIAS ELEMENTS,POLYGON,8/16/2018,1,Society,Threats,THREATS-WEAPON,DOWNTOWN COMMERCIAL,W
Race Only,CRIME WITH BIAS ELEMENTS,POLYGON,5/14/2018,1,Society,Order Violation,VIOL-COURT ORDER,DOWNTOWN COMMERCIAL,W
Race Only,CRIME WITH BIAS ELEMENTS,POLYGON,11/6/2018,1,Person,Assault,ASSLT-NONAGG,CHINATOWN/INTERNATIONAL DISTRICT,W
Race Only,CRIME WITH BIAS ELEMENTS,POLYGON,5/8/2018,1,Person,Assault,ASSLT-NONAGG,DOWNTOWN COMMERCIAL,W
Race Only,CRIME WITH BIAS ELEMENTS,POLYGON,12/23/2018,1,Person,Assault,ASSLT-AGG-BODYFORCE,PIONEER SQUARE,W
Race Only,CRIME WITH BIAS ELEMENTS,POLYGON,12/10/2018,1,Person,Assault,ASSLT-NONAGG,PIONEER SQUARE,W
Race Only,CRIME WITH BIAS ELEMENTS,POLYGON,1/14/2018,1,Society,Threats,THREATS-OTHER,PIONEER SQUARE,W
Race Only,CRIME WITH BIAS ELEMENTS,POLYGON,7/20/2018,1,Person,Assault,ASSLT-AGG-WEAPON,CHINATOWN/INTERNATIONAL DISTRICT,W
Race Only,CRIME WITH BIAS ELEMENTS,POLYGON,2/18/2018,1,Society,Threats,THREATS-OTHER,CHINATOWN/INTERNATIONAL DISTRICT,W
Race Only,CRIME WITH BIAS ELEMENTS,POLYGON,5/5/2018,1,Person,Assault,ASSLT-AGG-WEAPON,DOWNTOWN COMMERCIAL,W
Race Only,CRIME WITH BIAS ELEMENTS,POLYGON,6/7/2018,1,Person,Assault,ASSLT-AGG-BODYFORCE,PIONEER SQUARE,W
Race Only,CRIME WITH BIAS ELEMENTS,POLYGON,10/28/2018,1,Society,Disturbance,DISTURBANCE-OTH,PIONEER SQUARE,W
Race Only,CRIME WITH BIAS ELEMENTS,POLYGON,7/25/2018,1,Society,Property Damage,PROPERTY DAMAGE-NON RESIDENTIA,PIONEER SQUARE,W
Race Only,CRIME WITH BIAS ELEMENTS,POLYGON,8/28/2018,1,Person,Assault,ASSLT-NONAGG,DOWNTOWN COMMERCIAL,W
Race Only,CRIME WITH BIAS ELEMENTS,POLYGON,6/14/2018,1,Person,Robbery,ROBBERY-BUSINESS-BODYFORCE,DOWNTOWN COMMERCIAL,W
Race Only,CRIME WITH BIAS ELEMENTS,POLYGON,11/5/2018,1,Person,Assault,ASSLT-AGG-WEAPON,DOWNTOWN COMMERCIAL,W
Race Only,CRIME WITH BIAS ELEMENTS,POLYGON,3/18/2018,1,Society,Harassment,MALICIOUS HARASSMENT,DOWNTOWN COMMERCIAL,W
Race Only,CRIME WITH BIAS ELEMENTS,POLYGON,6/9/2018,1,Society,Threats,THREATS-KILL,MAGNOLIA,W
Religion Only,CRIME WITH BIAS ELEMENTS,POLYGON,6/30/2018,1,Person,Assault,ASSLT-NONAGG,DOWNTOWN COMMERCIAL,W
Religion Only,CRIME WITH BIAS ELEMENTS,POLYGON,9/5/2018,1,Society,Property Damage,PROPERTY DAMAGE - GRAFFITI,QUEEN ANNE,W
Political Views Only,MALICIOUS HARASSMENT,,8/8/2018,1,Society,Suspicious Circumstance,SUSPICIOUS CIRCUMSTANCE,,Unknown
Disability Only,MALICIOUS HARASSMENT,POLYGON,10/13/2018,1,Person,Assault,ASSLT-NONAGG,FIRST HILL,E
Ethnicity Only,MALICIOUS HARASSMENT,POLYGON,8/13/2018,1,Person,Assault,ASSLT-AGG-BODYFORCE,FIRST HILL,E
Gender Only,MALICIOUS HARASSMENT,POLYGON,5/9/2018,1,Society,Property Damage,PROPERTY DAMAGE-NON RESIDENTIA,MILLER PARK,E
Homeless Only,MALICIOUS HARASSMENT,POLYGON,10/2/2018,1,Person,Assault,ASSLT-NONAGG,CAPITOL HILL,E
LGBTQ Only,MALICIOUS HARASSMENT,POLYGON,12/20/2018,1,Person,Assault,ASSLT-AGG-DV-WEAPON,CAPITOL HILL,E
LGBTQ Only,MALICIOUS HARASSMENT,POLYGON,5/6/2018,1,Society,Threats,THREATS-KILL,CENTRAL AREA/SQUIRE PARK,E
LGBTQ Only,MALICIOUS HARASSMENT,POLYGON,9/13/2018,1,Person,Assault,ASSLT-AGG-BODYFORCE,CAPITOL HILL,E
LGBTQ Only,MALICIOUS HARASSMENT,POLYGON,6/15/2018,1,Society,Bias Incident,BIAS INCIDENT,CAPITOL HILL,E
LGBTQ Only,MALICIOUS HARASSMENT,POLYGON,5/7/2018,1,Society,Harassment,MALICIOUS HARASSMENT,CAPITOL HILL,E
LGBTQ Only,MALICIOUS HARASSMENT,POLYGON,6/17/2018,1,Person,Assault,ASSLT-AGG-WEAPON,CAPITOL HILL,E
LGBTQ Only,MALICIOUS HARASSMENT,POLYGON,7/22/2018,1,Person,Assault,ASSLT-AGG-WEAPON,CAPITOL HILL,E
LGBTQ Only,MALICIOUS HARASSMENT,POLYGON,6/17/2018,1,Person,Assault,ASSLT-NONAGG,CAPITOL HILL,E
LGBTQ Only,MALICIOUS HARASSMENT,POLYGON,12/11/2018,1,Person,Assault,ASSLT-NONAGG,CAPITOL HILL,E
LGBTQ Only,MALICIOUS HARASSMENT,POLYGON,6/11/2018,1,Society,Harassment,MALICIOUS HARASSMENT,CAPITOL HILL,E
LGBTQ Only,MALICIOUS HARASSMENT,POLYGON,10/29/2018,1,Society,Property Damage,PROPERTY DAMAGE - GRAFFITI,CAPITOL HILL,E
LGBTQ Only,MALICIOUS HARASSMENT,POLYGON,7/5/2018,1,Property,Theft,THEFT-OTH,CAPITOL HILL,E
LGBTQ Only,MALICIOUS HARASSMENT,POLYGON,8/19/2018,1,Society,Threats,THREATS-OTHER,CAPITOL HILL,E
LGBTQ Only,MALICIOUS HARASSMENT,POLYGON,3/30/2018,1,Society,Threats,THREATS-OTHER,CAPITOL HILL,E
LGBTQ Only,MALICIOUS HARASSMENT,POLYGON,8/12/2018,1,Society,Threats,THREATS-OTHER,CAPITOL HILL,E
LGBTQ Only,MALICIOUS HARASSMENT,POLYGON,7/6/2018,1,Society,Weapon,WEAPON-UNLAWFUL USE,CAPITOL HILL,E
LGBTQ Only,MALICIOUS HARASSMENT,POLYGON,7/20/2018,1,Person,Assault,ASSLT-AGG-WEAPON,FIRST HILL,E
LGBTQ Only,MALICIOUS HARASSMENT,POLYGON,10/28/2018,1,Person,Assault,ASSLT-NONAGG,FIRST HILL,E
LGBTQ Only,MALICIOUS HARASSMENT,POLYGON,11/20/2018,1,Person,Sex Offense,SEXOFF-OTHER OBJECT,JUDKINS PARK/NORTH BEACON HILL,E
Multiple Categories,MALICIOUS HARASSMENT,POLYGON,8/20/2018,1,Society,Threats,THREATS-OTHER,CENTRAL AREA/SQUIRE PARK,E
Multiple Categories,MALICIOUS HARASSMENT,POLYGON,6/22/2018,1,Person,Robbery,ROBBERY-STREET-WEAPON,CAPITOL HILL,E
Political Views Only,MALICIOUS HARASSMENT,POLYGON,6/21/2018,1,Society,Harassment,HARASSMENT,CENTRAL AREA/SQUIRE PARK,E
Political Views Only,MALICIOUS HARASSMENT,POLYGON,11/2/2018,1,Property,Theft,THEFT-OTH,MADISON PARK,E
Race Only,MALICIOUS HARASSMENT,POLYGON,9/30/2018,1,Person,Assault,ASSLT-AGG-WEAPON,CENTRAL AREA/SQUIRE PARK,E
Race Only,MALICIOUS HARASSMENT,POLYGON,7/24/2018,1,Society,Harassment,MALICIOUS HARASSMENT,CAPITOL HILL,E
Race Only,MALICIOUS HARASSMENT,POLYGON,3/18/2018,1,Society,Harassment,MALICIOUS HARASSMENT,CAPITOL HILL,E
Race Only,MALICIOUS HARASSMENT,POLYGON,10/22/2018,1,Society,Harassment,MALICIOUS HARASSMENT,CAPITOL HILL,E
Race Only,MALICIOUS HARASSMENT,POLYGON,8/31/2018,1,Society,Threats,THREATS-OTHER,FIRST HILL,E
Race Only,MALICIOUS HARASSMENT,POLYGON,6/11/2018,1,Society,Harassment,MALICIOUS HARASSMENT,FIRST HILL,E
Race Only,MALICIOUS HARASSMENT,POLYGON,6/4/2018,1,Society,Harassment,MALICIOUS HARASSMENT,FIRST HILL,E
Race Only,MALICIOUS HARASSMENT,POLYGON,7/6/2018,1,Person,Assault,ASSLT-AGG-WEAPON,JUDKINS PARK/NORTH BEACON HILL,E
Race Only,MALICIOUS HARASSMENT,POLYGON,7/20/2018,1,Person,Assault,ASSLT-AGG-BODYFORCE,MADRONA/LESCHI,E
Religion Only,MALICIOUS HARASSMENT,POLYGON,2/21/2018,1,Person,Assault,ASSLT-NONAGG,CAPITOL HILL,E
Religion Only,MALICIOUS HARASSMENT,POLYGON,3/12/2018,1,Society,Harassment,MALICIOUS HARASSMENT,CAPITOL HILL,E
Religion Only,MALICIOUS HARASSMENT,POLYGON,3/5/2018,1,Person,Assault,ASSLT-NONAGG,MILLER PARK,E
Ethnicity Only,MALICIOUS HARASSMENT,POLYGON,10/30/2018,1,Person,Assault,ASSLT-AGG-WEAPON,UNIVERSITY,N
Homeless Only,MALICIOUS HARASSMENT,POLYGON,7/30/2018,1,Person,Assault,ASSLT-AGG-WEAPON,LAKECITY,N
LGBTQ Only,MALICIOUS HARASSMENT,POLYGON,5/4/2018,1,Society,Threats,THREATS-KILL,WALLINGFORD,N
LGBTQ Only,MALICIOUS HARASSMENT,POLYGON,10/21/2018,1,Person,Assault,ASSLT-NONAGG,BITTERLAKE,N
LGBTQ Only,MALICIOUS HARASSMENT,POLYGON,11/2/2018,1,Burglary,Burglary,BURGLARY-SECURE PARKING-RES,BITTERLAKE,N
LGBTQ Only,MALICIOUS HARASSMENT,POLYGON,10/25/2018,1,Society,Harassment,HARASSMENT,BITTERLAKE,N
LGBTQ Only,MALICIOUS HARASSMENT,POLYGON,11/6/2018,1,Society,Harassment,HARASSMENT,BITTERLAKE,N
LGBTQ Only,MALICIOUS HARASSMENT,POLYGON,8/15/2018,1,Person,Assault,ASSLT-AGG-WEAPON,UNIVERSITY,N
Political Views Only,MALICIOUS HARASSMENT,POLYGON,1/6/2018,1,Society,Threats,THREATS-OTHER,UNIVERSITY,N
Race Only,MALICIOUS HARASSMENT,POLYGON,4/21/2018,1,Society,Threats,THREATS-KILL,BALLARD SOUTH,N
Race Only,MALICIOUS HARASSMENT,POLYGON,9/15/2018,1,Society,Property Damage,PROPERTY DAMAGE - GRAFFITI,BALLARD NORTH,N
Race Only,MALICIOUS HARASSMENT,POLYGON,6/14/2018,1,Society,Threats,THREATS-KILL,ROOSEVELT/RAVENNA,N
Race Only,MALICIOUS HARASSMENT,POLYGON,10/1/2018,1,Person,Assault,ASSLT-NONAGG,NORTHGATE,N
Race Only,MALICIOUS HARASSMENT,POLYGON,6/26/2018,1,Person,Assault,ASSLT-NONAGG,NORTHGATE,N
Race Only,MALICIOUS HARASSMENT,POLYGON,2/20/2018,1,Society,Harassment,MALICIOUS HARASSMENT,UNIVERSITY,N
Race Only,MALICIOUS HARASSMENT,POLYGON,10/22/2018,1,Person,Assault,ASSLT-AGG-BODYFORCE,UNIVERSITY,N
Race Only,MALICIOUS HARASSMENT,POLYGON,8/9/2018,1,Person,Assault,ASSLT-NONAGG,UNIVERSITY,N
Race Only,MALICIOUS HARASSMENT,POLYGON,5/4/2018,1,Society,Harassment,HARASSMENT,UNIVERSITY,N
Race Only,MALICIOUS HARASSMENT,POLYGON,7/14/2018,1,Society,Harassment,MALICIOUS HARASSMENT,UNIVERSITY,N
Race Only,MALICIOUS HARASSMENT,POLYGON,8/10/2018,1,Society,Property Damage,PROPERTY DAMAGE-RESIDENTIAL,ROOSEVELT/RAVENNA,N
Religion Only,MALICIOUS HARASSMENT,POLYGON,3/27/2018,1,Society,Property Damage,PROPERTY DAMAGE - GRAFFITI,BALLARD SOUTH,N
Religion Only,MALICIOUS HARASSMENT,POLYGON,1/24/2018,1,Society,Property Damage,PROPERTY DAMAGE - GRAFFITI,GREENWOOD,N
Religion Only,MALICIOUS HARASSMENT,POLYGON,1/4/2018,1,Society,Property Damage,PROPERTY DAMAGE - GRAFFITI,UNIVERSITY,N
Religion Only,MALICIOUS HARASSMENT,POLYGON,8/14/2018,1,Society,Property Damage,PROPERTY DAMAGE - GRAFFITI,UNIVERSITY,N
Religion Only,MALICIOUS HARASSMENT,POLYGON,10/9/2018,1,Society,Property Damage,PROPERTY DAMAGE-NON RESIDENTIA,SANDPOINT,N
Ethnicity Only,MALICIOUS HARASSMENT,POLYGON,9/24/2018,1,Society,Trespass,TRESPASS,SODO,S
Ethnicity Only,MALICIOUS HARASSMENT,POLYGON,6/7/2018,1,Person,Assault,ASSLT-NONAGG,GEORGETOWN,S
Ethnicity Only,MALICIOUS HARASSMENT,POLYGON,9/10/2018,1,Society,Threats,THREATS-OTHER,GEORGETOWN,S
Homeless Only,MALICIOUS HARASSMENT,POLYGON,3/15/2018,1,Person,Assault,ASSLT-AGG-WEAPON,NEW HOLLY,S
LGBTQ Only,MALICIOUS HARASSMENT,POLYGON,7/4/2018,1,Society,Threats,THREATS-OTHER,GEORGETOWN,S
Multiple Categories,MALICIOUS HARASSMENT,POLYGON,6/15/2018,1,Society,Threats,THREATS-OTHER,NORTH BEACON HILL,S
Race Only,MALICIOUS HARASSMENT,POLYGON,6/17/2018,1,Society,Bias Incident,BIAS INCIDENT,SODO,S
Race Only,MALICIOUS HARASSMENT,POLYGON,10/7/2018,1,Person,Assault,ASSLT-AGG-WEAPON,NORTH BEACON HILL,S
Race Only,MALICIOUS HARASSMENT,POLYGON,7/23/2018,1,Society,Property Damage,PROPERTY DAMAGE - GRAFFITI,CLAREMONT/RAINIER VISTA,S
Race Only,MALICIOUS HARASSMENT,POLYGON,9/6/2018,1,Person,Assault,ASSLT-NONAGG,RAINIER BEACH,S
Religion Only,MALICIOUS HARASSMENT,POLYGON,3/1/2018,1,Person,Assault,ASSLT-NONAGG,MOUNT BAKER,S
LGBTQ Only,MALICIOUS HARASSMENT,POLYGON,8/9/2018,1,Society,Suspicious Circumstance,SUSPICIOUS CIRCUMSTANCE,COMMERCIAL DUWAMISH,SW
LGBTQ Only,MALICIOUS HARASSMENT,POLYGON,9/27/2018,1,Society,Threats,THREATS-KILL,MORGAN,SW
Race Only,MALICIOUS HARASSMENT,POLYGON,7/26/2018,1,Society,Harassment,MALICIOUS HARASSMENT,NORTH DELRIDGE,SW
Race Only,MALICIOUS HARASSMENT,POLYGON,8/31/2018,1,Society,Property Damage,PROPERTY DAMAGE - GRAFFITI,SOUTH PARK,SW
Race Only,MALICIOUS HARASSMENT,POLYGON,7/15/2018,1,Person,Assault,ASSLT-NONAGG,ALKI,SW
Race Only,MALICIOUS HARASSMENT,POLYGON,2/7/2018,1,Person,Sex Offense,SEXOFF-INDECENT LIBERTIES,MORGAN,SW
Race Only,MALICIOUS HARASSMENT,POLYGON,3/24/2018,1,Society,Threats,THREATS-WEAPON,MORGAN,SW
Race Only,MALICIOUS HARASSMENT,POLYGON,2/26/2018,1,Society,Threats,THREATS-OTHER,ROXHILL/WESTWOOD/ARBOR HEIGHTS,SW
Gender Only,MALICIOUS HARASSMENT,POLYGON,2/28/2018,1,Person,Assault,ASSLT-AGG-WEAPON,BELLTOWN,W
Homeless Only,MALICIOUS HARASSMENT,POLYGON,3/20/2018,1,Society,Threats,THREATS-WEAPON,DOWNTOWN COMMERCIAL,W
LGBTQ Only,MALICIOUS HARASSMENT,POLYGON,3/17/2018,1,Society,Harassment,HARASSMENT,BELLTOWN,W
LGBTQ Only,MALICIOUS HARASSMENT,POLYGON,7/24/2018,1,Person,Assault,ASSLT-NONAGG,SLU/CASCADE,W
LGBTQ Only,MALICIOUS HARASSMENT,POLYGON,1/26/2018,1,Person,Assault,ASSLT-NONAGG-DV,SLU/CASCADE,W
LGBTQ Only,MALICIOUS HARASSMENT,POLYGON,9/26/2018,1,Person,Robbery,ROBBERY-STREET-WEAPON,DOWNTOWN COMMERCIAL,W
LGBTQ Only,MALICIOUS HARASSMENT,POLYGON,2/6/2018,1,Person,Assault,ASSLT-AGG-WEAPON,CHINATOWN/INTERNATIONAL DISTRICT,W
LGBTQ Only,MALICIOUS HARASSMENT,POLYGON,3/2/2018,1,Person,Assault,ASSLT-NONAGG,CHINATOWN/INTERNATIONAL DISTRICT,W
LGBTQ Only,MALICIOUS HARASSMENT,POLYGON,10/8/2018,1,Person,Assault,ASSLT-NONAGG,CHINATOWN/INTERNATIONAL DISTRICT,W
LGBTQ Only,MALICIOUS HARASSMENT,POLYGON,5/23/2018,1,Person,Assault,ASSLT-NONAGG-POLICE,BELLTOWN,W
LGBTQ Only,MALICIOUS HARASSMENT,POLYGON,8/13/2018,1,Person,Assault,ASSLT-NONAGG,MAGNOLIA,W
LGBTQ Only,MALICIOUS HARASSMENT,POLYGON,10/10/2018,1,Society,Threats,THREATS-OTHER,QUEEN ANNE,W
LGBTQ Only,MALICIOUS HARASSMENT,POLYGON,2/23/2018,1,Person,Assault,ASSLT-NONAGG,QUEEN ANNE,W
LGBTQ Only,MALICIOUS HARASSMENT,POLYGON,6/29/2018,1,Society,Threats,THREATS-OTHER,QUEEN ANNE,W
Multiple Categories,MALICIOUS HARASSMENT,POLYGON,10/29/2018,1,Person,Assault,ASSLT-AGG-WEAPON,DOWNTOWN COMMERCIAL,W
Multiple Categories,MALICIOUS HARASSMENT,POLYGON,5/11/2018,1,Person,Assault,ASSLT-NONAGG,CHINATOWN/INTERNATIONAL DISTRICT,W
Multiple Categories,MALICIOUS HARASSMENT,POLYGON,8/6/2018,1,Society,Harassment,HARASSMENT,DOWNTOWN COMMERCIAL,W
Multiple Categories,MALICIOUS HARASSMENT,POLYGON,3/28/2018,1,Society,Harassment,HARASSMENT,QUEEN ANNE,W
Multiple Categories,MALICIOUS HARASSMENT,POLYGON,2/5/2018,1,Person,Assault,ASSLT-NONAGG,SLU/CASCADE,W
Race Only,MALICIOUS HARASSMENT,POLYGON,9/17/2018,1,Person,Assault,ASSLT-AGG-WEAPON,QUEEN ANNE,W
Race Only,MALICIOUS HARASSMENT,POLYGON,5/21/2018,1,Society,Harassment,HARASSMENT,SLU/CASCADE,W
Race Only,MALICIOUS HARASSMENT,POLYGON,10/15/2018,1,Society,Property Damage,PROPERTY DAMAGE - GRAFFITI,SLU/CASCADE,W
Race Only,MALICIOUS HARASSMENT,POLYGON,4/10/2018,1,Society,Threats,THREATS-OTHER,DOWNTOWN COMMERCIAL,W
Race Only,MALICIOUS HARASSMENT,POLYGON,12/31/2018,1,Society,Harassment,MALICIOUS HARASSMENT,CHINATOWN/INTERNATIONAL DISTRICT,W
Race Only,MALICIOUS HARASSMENT,POLYGON,10/7/2018,1,Person,Assault,ASSLT-NONAGG,PIONEER SQUARE,W
Race Only,MALICIOUS HARASSMENT,POLYGON,3/30/2018,1,Society,Harassment,MALICIOUS HARASSMENT,PIONEER SQUARE,W
Race Only,MALICIOUS HARASSMENT,POLYGON,7/12/2018,1,Society,Harassment,MALICIOUS HARASSMENT,CHINATOWN/INTERNATIONAL DISTRICT,W
Race Only,MALICIOUS HARASSMENT,POLYGON,9/11/2018,1,Society,Threats,THREATS-WEAPON,CHINATOWN/INTERNATIONAL DISTRICT,W
Race Only,MALICIOUS HARASSMENT,POLYGON,7/15/2018,1,Person,Assault,ASSLT-AGG-WEAPON,PIONEER SQUARE,W
Race Only,MALICIOUS HARASSMENT,POLYGON,10/3/2018,1,Person,Assault,ASSLT-AGG-WEAPON,PIONEER SQUARE,W
Race Only,MALICIOUS HARASSMENT,POLYGON,6/25/2018,1,Person,Assault,ASSLT-NONAGG,PIONEER SQUARE,W
Race Only,MALICIOUS HARASSMENT,POLYGON,6/1/2018,1,Person,Assault,ASSLT-NONAGG,BELLTOWN,W
Race Only,MALICIOUS HARASSMENT,POLYGON,9/29/2018,1,Society,Threats,THREATS-KILL,BELLTOWN,W
Race Only,MALICIOUS HARASSMENT,POLYGON,10/11/2018,1,Person,Assault,ASSLT-NONAGG,DOWNTOWN COMMERCIAL,W
Race Only,MALICIOUS HARASSMENT,POLYGON,10/14/2018,1,Society,Property Damage,PROPERTY DAMAGE-NON RESIDENTIA,DOWNTOWN COMMERCIAL,W
Race Only,MALICIOUS HARASSMENT,POLYGON,5/27/2018,1,Person,Assault,ASSLT-AGG-BODYFORCE,DOWNTOWN COMMERCIAL,W
Race Only,MALICIOUS HARASSMENT,POLYGON,1/9/2018,1,Person,Assault,ASSLT-NONAGG,SLU/CASCADE,W
Race Only,MALICIOUS HARASSMENT,POLYGON,4/9/2018,1,Person,Assault,ASSLT-NONAGG,DOWNTOWN COMMERCIAL,W
Race Only,MALICIOUS HARASSMENT,POLYGON,3/2/2018,1,Person,Assault,ASSLT-NONAGG,QUEEN ANNE,W
Religion Only,MALICIOUS HARASSMENT,POLYGON,5/12/2018,1,Person,Assault,ASSLT-NONAGG,BELLTOWN,W
Religion Only,MALICIOUS HARASSMENT,POLYGON,8/12/2018,1,Person,Assault,ASSLT-NONAGG,QUEEN ANNE,W
Race Only,NON-CRIMINAL BIAS INCIDENTS,,11/9/2018,1,Society,Threats,THREATS-WEAPON,,Unknown
Ethnicity Only,NON-CRIMINAL BIAS INCIDENTS,POLYGON,2/21/2018,1,Society,Bias Incident,BIAS INCIDENT,CAPITOL HILL,E
Ethnicity Only,NON-CRIMINAL BIAS INCIDENTS,POLYGON,11/7/2018,1,Society,Harassment,HARASSMENT,CAPITOL HILL,E
Gender Only,NON-CRIMINAL BIAS INCIDENTS,POLYGON,4/4/2018,1,Society,Bias Incident,BIAS INCIDENT,CENTRAL AREA/SQUIRE PARK,E
Gender Only,NON-CRIMINAL BIAS INCIDENTS,POLYGON,4/14/2018,1,Society,Threats,THREATS-OTHER,FIRST HILL,E
LGBTQ Only,NON-CRIMINAL BIAS INCIDENTS,POLYGON,7/16/2018,1,Society,Harassment,MALICIOUS HARASSMENT,CAPITOL HILL,E
LGBTQ Only,NON-CRIMINAL BIAS INCIDENTS,POLYGON,12/16/2018,1,Society,Disturbance,DISTURBANCE-OTH,MADISON PARK,E
LGBTQ Only,NON-CRIMINAL BIAS INCIDENTS,POLYGON,8/26/2018,1,Society,Disturbance,DISTURBANCE-FAMILY,CENTRAL AREA/SQUIRE PARK,E
LGBTQ Only,NON-CRIMINAL BIAS INCIDENTS,POLYGON,2/17/2018,1,Society,Disturbance,DISTURBANCE-OTH,CENTRAL AREA/SQUIRE PARK,E
LGBTQ Only,NON-CRIMINAL BIAS INCIDENTS,POLYGON,8/1/2018,1,Society,Bias Incident,BIAS INCIDENT,CAPITOL HILL,E
LGBTQ Only,NON-CRIMINAL BIAS INCIDENTS,POLYGON,2/2/2018,1,Society,Harassment,HARASSMENT,CAPITOL HILL,E
LGBTQ Only,NON-CRIMINAL BIAS INCIDENTS,POLYGON,11/23/2018,1,Society,Harassment,HARASSMENT,CAPITOL HILL,E
LGBTQ Only,NON-CRIMINAL BIAS INCIDENTS,POLYGON,9/14/2018,1,Society,Bias Incident,BIAS INCIDENT,CAPITOL HILL,E
LGBTQ Only,NON-CRIMINAL BIAS INCIDENTS,POLYGON,8/18/2018,1,Society,Disturbance,DISTURBANCE-OTH,CAPITOL HILL,E
LGBTQ Only,NON-CRIMINAL BIAS INCIDENTS,POLYGON,11/18/2018,1,Society,Disturbance,DISTURBANCE-OTH,CAPITOL HILL,E
LGBTQ Only,NON-CRIMINAL BIAS INCIDENTS,POLYGON,12/22/2018,1,Society,Disturbance,DISTURBANCE-OTH,FIRST HILL,E
LGBTQ Only,NON-CRIMINAL BIAS INCIDENTS,POLYGON,6/16/2018,1,Society,Disturbance,DISTURBANCE-OTH,CAPITOL HILL,E
LGBTQ Only,NON-CRIMINAL BIAS INCIDENTS,POLYGON,8/19/2018,1,Society,Disturbance,DISTURBANCE-OTH,CAPITOL HILL,E
LGBTQ Only,NON-CRIMINAL BIAS INCIDENTS,POLYGON,7/28/2018,1,Society,Disturbance,DISTURBANCE-OTH,CENTRAL AREA/SQUIRE PARK,E
Multiple Categories,NON-CRIMINAL BIAS INCIDENTS,POLYGON,6/21/2018,1,Society,Bias Incident,BIAS INCIDENT,CENTRAL AREA/SQUIRE PARK,E
Multiple Categories,NON-CRIMINAL BIAS INCIDENTS,POLYGON,1/21/2018,1,Society,Harassment,HARASSMENT,CENTRAL AREA/SQUIRE PARK,E
Multiple Categories,NON-CRIMINAL BIAS INCIDENTS,POLYGON,5/14/2018,1,Society,Bias Incident,BIAS INCIDENT,CENTRAL AREA/SQUIRE PARK,E
Race Only,NON-CRIMINAL BIAS INCIDENTS,POLYGON,7/29/2018,1,Society,Bias Incident,BIAS INCIDENT,CAPITOL HILL,E
Race Only,NON-CRIMINAL BIAS INCIDENTS,POLYGON,7/19/2018,1,Society,Threats,THREATS-KILL,CENTRAL AREA/SQUIRE PARK,E
Race Only,NON-CRIMINAL BIAS INCIDENTS,POLYGON,5/21/2018,1,Society,Harassment,MALICIOUS HARASSMENT,CENTRAL AREA/SQUIRE PARK,E
Race Only,NON-CRIMINAL BIAS INCIDENTS,POLYGON,5/19/2018,1,Society,Disturbance,DISTURBANCE-OTH,MADISON PARK,E
Race Only,NON-CRIMINAL BIAS INCIDENTS,POLYGON,10/9/2018,1,Society,Bias Incident,BIAS INCIDENT,CENTRAL AREA/SQUIRE PARK,E
Race Only,NON-CRIMINAL BIAS INCIDENTS,POLYGON,9/24/2018,1,Society,Bias Incident,BIAS INCIDENT,MADRONA/LESCHI,E
Race Only,NON-CRIMINAL BIAS INCIDENTS,POLYGON,7/10/2018,1,Society,Threats,THREATS-OTHER,MADRONA/LESCHI,E
Race Only,NON-CRIMINAL BIAS INCIDENTS,POLYGON,1/4/2018,1,Society,Bias Incident,BIAS INCIDENT,CAPITOL HILL,E
Race Only,NON-CRIMINAL BIAS INCIDENTS,POLYGON,5/22/2018,1,Society,Bias Incident,BIAS INCIDENT,CAPITOL HILL,E
Race Only,NON-CRIMINAL BIAS INCIDENTS,POLYGON,9/23/2018,1,Society,Disturbance,DISTURBANCE-OTH,CAPITOL HILL,E
Race Only,NON-CRIMINAL BIAS INCIDENTS,POLYGON,7/4/2018,1,Person,Assault,ASSLT-NONAGG,FIRST HILL,E
Race Only,NON-CRIMINAL BIAS INCIDENTS,POLYGON,12/13/2018,1,Society,Bias Incident,BIAS INCIDENT,FIRST HILL,E
Race Only,NON-CRIMINAL BIAS INCIDENTS,POLYGON,5/1/2018,1,Society,Disturbance,DISTURBANCE-OTH,FIRST HILL,E
Race Only,NON-CRIMINAL BIAS INCIDENTS,POLYGON,9/7/2018,1,Society,Disturbance,DISTURBANCE-OTH,FIRST HILL,E
Race Only,NON-CRIMINAL BIAS INCIDENTS,POLYGON,12/6/2018,1,Society,Suspicious Circumstance,SUSPICIOUS CIRCUMSTANCE,FIRST HILL,E
Race Only,NON-CRIMINAL BIAS INCIDENTS,POLYGON,8/20/2018,1,Society,Bias Incident,BIAS INCIDENT,FIRST HILL,E
Race Only,NON-CRIMINAL BIAS INCIDENTS,POLYGON,2/28/2018,1,Society,Bias Incident,BIAS INCIDENT,JUDKINS PARK/NORTH BEACON HILL,E
Race Only,NON-CRIMINAL BIAS INCIDENTS,POLYGON,5/23/2018,1,Society,Disturbance,DISTURBANCE-OTH,JUDKINS PARK/NORTH BEACON HILL,E
Race Only,NON-CRIMINAL BIAS INCIDENTS,POLYGON,7/18/2018,1,Society,Harassment,HARASSMENT,MADRONA/LESCHI,E
Religion Only,NON-CRIMINAL BIAS INCIDENTS,POLYGON,12/31/2018,1,Society,Suspicious Circumstance,SUSPICIOUS CIRCUMSTANCE,CENTRAL AREA/SQUIRE PARK,E
Religion Only,NON-CRIMINAL BIAS INCIDENTS,POLYGON,11/5/2018,1,Society,Property Damage,PROPERTY DAMAGE-NON RESIDENTIA,CAPITOL HILL,E
Religion Only,NON-CRIMINAL BIAS INCIDENTS,POLYGON,11/5/2018,1,Society,Property Damage,PROPERTY DAMAGE - GRAFFITI,FIRST HILL,E
Religion Only,NON-CRIMINAL BIAS INCIDENTS,POLYGON,5/22/2018,1,Society,Property Damage,PROPERTY DAMAGE - GRAFFITI,MADRONA/LESCHI,E
Ethnicity Only,NON-CRIMINAL BIAS INCIDENTS,POLYGON,10/30/2018,1,Society,Bias Incident,BIAS INCIDENT,GREENWOOD,N
Ethnicity Only,NON-CRIMINAL BIAS INCIDENTS,POLYGON,6/24/2018,1,Society,Suspicious Circumstance,SUSPICIOUS CIRCUMSTANCE,LAKECITY,N
Ethnicity Only,NON-CRIMINAL BIAS INCIDENTS,POLYGON,2/14/2018,1,Society,Harassment,HARASSMENT,NORTHGATE,N
Homeless Only,NON-CRIMINAL BIAS INCIDENTS,POLYGON,10/19/2018,1,Society,Property Damage,PROPERTY DAMAGE-NON RESIDENTIA,ROOSEVELT/RAVENNA,N
LGBTQ Only,NON-CRIMINAL BIAS INCIDENTS,POLYGON,5/15/2018,1,Society,Threats,THREATS-OTHER,WALLINGFORD,N
LGBTQ Only,NON-CRIMINAL BIAS INCIDENTS,POLYGON,5/27/2018,1,Society,Suspicious Circumstance,SUSPICIOUS CIRCUMSTANCE,LAKECITY,N
LGBTQ Only,NON-CRIMINAL BIAS INCIDENTS,POLYGON,5/25/2018,1,Society,Bias Incident,BIAS INCIDENT,NORTHGATE,N
LGBTQ Only,NON-CRIMINAL BIAS INCIDENTS,POLYGON,12/10/2018,1,Society,Trespass,TRESPASS,NORTHGATE,N
LGBTQ Only,NON-CRIMINAL BIAS INCIDENTS,POLYGON,7/17/2018,1,Society,Suspicious Circumstance,SUSPICIOUS CIRCUMSTANCE,ROOSEVELT/RAVENNA,N
LGBTQ Only,NON-CRIMINAL BIAS INCIDENTS,POLYGON,10/15/2018,1,Society,Harassment,MALICIOUS HARASSMENT,BITTERLAKE,N
LGBTQ Only,NON-CRIMINAL BIAS INCIDENTS,POLYGON,3/26/2018,1,Society,Harassment,MALICIOUS HARASSMENT,ROOSEVELT/RAVENNA,N
LGBTQ Only,NON-CRIMINAL BIAS INCIDENTS,POLYGON,7/27/2018,1,Society,Bias Incident,BIAS INCIDENT,UNIVERSITY,N
Multiple Categories,NON-CRIMINAL BIAS INCIDENTS,POLYGON,6/8/2018,1,Society,Bias Incident,BIAS INCIDENT,BALLARD NORTH,N
Multiple Categories,NON-CRIMINAL BIAS INCIDENTS,POLYGON,1/29/2018,1,Property,Theft,THEFT-CARPROWL,GREENWOOD,N
Political Views Only,NON-CRIMINAL BIAS INCIDENTS,POLYGON,5/11/2018,1,Society,Suspicious Circumstance,SUSPICIOUS CIRCUMSTANCE,LAKECITY,N
Race Only,NON-CRIMINAL BIAS INCIDENTS,POLYGON,8/30/2018,1,Society,Bias Incident,BIAS INCIDENT,BALLARD SOUTH,N
Race Only,NON-CRIMINAL BIAS INCIDENTS,POLYGON,4/27/2018,1,Society,Threats,THREATS-WEAPON,BALLARD SOUTH,N
Race Only,NON-CRIMINAL BIAS INCIDENTS,POLYGON,12/22/2018,1,Society,Trespass,TRESPASS,WALLINGFORD,N
Race Only,NON-CRIMINAL BIAS INCIDENTS,POLYGON,4/5/2018,1,Society,Bias Incident,BIAS INCIDENT,BALLARD NORTH,N
Race Only,NON-CRIMINAL BIAS INCIDENTS,POLYGON,2/7/2018,1,Society,Bias Incident,BIAS INCIDENT,BALLARD NORTH,N
Race Only,NON-CRIMINAL BIAS INCIDENTS,POLYGON,7/28/2018,1,Society,Harassment,HARASSMENT,ROOSEVELT/RAVENNA,N
Race Only,NON-CRIMINAL BIAS INCIDENTS,POLYGON,6/8/2018,1,Society,Threats,THREATS-OTHER,ROOSEVELT/RAVENNA,N
Race Only,NON-CRIMINAL BIAS INCIDENTS,POLYGON,9/4/2018,1,Society,Harassment,HARASSMENT,LAKECITY,N
Race Only,NON-CRIMINAL BIAS INCIDENTS,POLYGON,12/15/2018,1,Society,Harassment,MALICIOUS HARASSMENT,LAKECITY,N
Race Only,NON-CRIMINAL BIAS INCIDENTS,POLYGON,8/5/2018,1,Society,Property Damage,PROPERTY DAMAGE-NON RESIDENTIA,LAKECITY,N
Race Only,NON-CRIMINAL BIAS INCIDENTS,POLYGON,3/6/2018,1,Society,Bias Incident,BIAS INCIDENT,LAKECITY,N
Race Only,NON-CRIMINAL BIAS INCIDENTS,POLYGON,11/10/2018,1,Society,Disturbance,DISTURBANCE-OTH,NORTHGATE,N
Race Only,NON-CRIMINAL BIAS INCIDENTS,POLYGON,3/17/2018,1,Society,Bias Incident,BIAS INCIDENT,LAKECITY,N
Race Only,NON-CRIMINAL BIAS INCIDENTS,POLYGON,4/24/2018,1,Society,Disturbance,DISTURBANCE-OTH,LAKECITY,N
Race Only,NON-CRIMINAL BIAS INCIDENTS,POLYGON,5/19/2018,1,Society,Harassment,HARASSMENT,LAKECITY,N
Race Only,NON-CRIMINAL BIAS INCIDENTS,POLYGON,6/24/2018,1,Society,Threats,THREATS-OTHER,LAKECITY,N
Race Only,NON-CRIMINAL BIAS INCIDENTS,POLYGON,9/23/2018,1,Society,Trespass,TRESPASS,LAKECITY,N
Race Only,NON-CRIMINAL BIAS INCIDENTS,POLYGON,8/25/2018,1,Society,Suspicious Circumstance,SUSPICIOUS CIRCUMSTANCE,GREENWOOD,N
Race Only,NON-CRIMINAL BIAS INCIDENTS,POLYGON,10/31/2018,1,Person,Assault,ASSLT-AGG-WEAPON,BITTERLAKE,N
Race Only,NON-CRIMINAL BIAS INCIDENTS,POLYGON,8/4/2018,1,Society,Disturbance,DISTURBANCE-OTH,NORTHGATE,N
Race Only,NON-CRIMINAL BIAS INCIDENTS,POLYGON,10/18/2018,1,Society,Crisis,CRISIS,GREENWOOD,N
Race Only,NON-CRIMINAL BIAS INCIDENTS,POLYGON,7/19/2018,1,Society,Harassment,HARASSMENT,NORTHGATE,N
Race Only,NON-CRIMINAL BIAS INCIDENTS,POLYGON,8/30/2018,1,Society,Bias Incident,BIAS INCIDENT,ROOSEVELT/RAVENNA,N
Race Only,NON-CRIMINAL BIAS INCIDENTS,POLYGON,5/12/2018,1,Society,Bias Incident,BIAS INCIDENT,UNIVERSITY,N
Race Only,NON-CRIMINAL BIAS INCIDENTS,POLYGON,2/17/2018,1,Society,Bias Incident,BIAS INCIDENT,SANDPOINT,N
Race Only,NON-CRIMINAL BIAS INCIDENTS,POLYGON,6/17/2018,1,Society,Disturbance,DISTURBANCE-OTH,SANDPOINT,N
Religion Only,NON-CRIMINAL BIAS INCIDENTS,POLYGON,11/12/2018,1,Society,Bias Incident,BIAS INCIDENT,ROOSEVELT/RAVENNA,N
Religion Only,NON-CRIMINAL BIAS INCIDENTS,POLYGON,9/27/2018,1,Society,Suspicious Circumstance,SUSPICIOUS CIRCUMSTANCE,NORTHGATE,N
Religion Only,NON-CRIMINAL BIAS INCIDENTS,POLYGON,6/23/2018,1,Society,Bias Incident,BIAS INCIDENT,NORTHGATE,N
Homeless Only,NON-CRIMINAL BIAS INCIDENTS,POLYGON,5/23/2018,1,Society,Harassment,HARASSMENT,MOUNT BAKER,S
LGBTQ Only,NON-CRIMINAL BIAS INCIDENTS,POLYGON,8/10/2018,1,Society,Disturbance,DISTURBANCE-OTH,SODO,S
LGBTQ Only,NON-CRIMINAL BIAS INCIDENTS,POLYGON,10/26/2018,1,Society,Bias Incident,BIAS INCIDENT,GEORGETOWN,S
LGBTQ Only,NON-CRIMINAL BIAS INCIDENTS,POLYGON,9/9/2018,1,Person,Assault,ASSLT-AGG-WEAPON,CLAREMONT/RAINIER VISTA,S
LGBTQ Only,NON-CRIMINAL BIAS INCIDENTS,POLYGON,8/26/2018,1,Society,Disturbance,DISTURBANCE-OTH,CLAREMONT/RAINIER VISTA,S
LGBTQ Only,NON-CRIMINAL BIAS INCIDENTS,POLYGON,4/10/2018,1,Society,Bias Incident,BIAS INCIDENT,BRIGHTON/DUNLAP,S
LGBTQ Only,NON-CRIMINAL BIAS INCIDENTS,POLYGON,9/6/2018,1,Person,Assault,ASSLT-NONAGG-DV,RAINIER BEACH,S
Multiple Categories,NON-CRIMINAL BIAS INCIDENTS,POLYGON,3/11/2018,1,Society,Bias Incident,BIAS INCIDENT,LAKEWOOD/SEWARD PARK,S
Race Only,NON-CRIMINAL BIAS INCIDENTS,POLYGON,9/11/2018,1,Society,Bias Incident,BIAS INCIDENT,SODO,S
Race Only,NON-CRIMINAL BIAS INCIDENTS,POLYGON,8/21/2018,1,Society,Disturbance,DISTURBANCE-OTH,SODO,S
Race Only,NON-CRIMINAL BIAS INCIDENTS,POLYGON,11/4/2018,1,Society,Disturbance,DISTURBANCE-OTH,GEORGETOWN,S
Race Only,NON-CRIMINAL BIAS INCIDENTS,POLYGON,6/19/2018,1,Society,Suspicious Circumstance,SUSPICIOUS CIRCUMSTANCE,MID BEACON HILL,S
Race Only,NON-CRIMINAL BIAS INCIDENTS,POLYGON,8/1/2018,1,Society,Trespass,TRESPASS,CLAREMONT/RAINIER VISTA,S
Race Only,NON-CRIMINAL BIAS INCIDENTS,POLYGON,7/6/2018,1,Society,Bias Incident,BIAS INCIDENT,MOUNT BAKER,S
Race Only,NON-CRIMINAL BIAS INCIDENTS,POLYGON,1/27/2018,1,Society,Disturbance,DISTURBANCE-OTH,MOUNT BAKER,S
Race Only,NON-CRIMINAL BIAS INCIDENTS,POLYGON,4/27/2018,1,Society,Harassment,MALICIOUS HARASSMENT,MOUNT BAKER,S
Race Only,NON-CRIMINAL BIAS INCIDENTS,POLYGON,11/15/2018,1,Person,Assault,ASSLT-NONAGG,COLUMBIA CITY,S
Race Only,NON-CRIMINAL BIAS INCIDENTS,POLYGON,8/22/2018,1,Society,Harassment,HARASSMENT,LAKEWOOD/SEWARD PARK,S
Race Only,NON-CRIMINAL BIAS INCIDENTS,POLYGON,4/16/2018,1,Society,Harassment,HARASSMENT,MID BEACON HILL,S
Race Only,NON-CRIMINAL BIAS INCIDENTS,POLYGON,10/16/2018,1,Society,Harassment,HARASSMENT,NEW HOLLY,S
Race Only,NON-CRIMINAL BIAS INCIDENTS,POLYGON,5/31/2018,1,Society,Bias Incident,BIAS INCIDENT,SOUTH BEACON HILL,S
Race Only,NON-CRIMINAL BIAS INCIDENTS,POLYGON,2/21/2018,1,Society,Trespass,TRESPASS,BRIGHTON/DUNLAP,S
Gender Only,NON-CRIMINAL BIAS INCIDENTS,POLYGON,3/6/2018,1,Society,Bias Incident,BIAS INCIDENT,NORTH DELRIDGE,SW
LGBTQ Only,NON-CRIMINAL BIAS INCIDENTS,POLYGON,2/13/2018,1,Society,Bias Incident,BIAS INCIDENT,ROXHILL/WESTWOOD/ARBOR HEIGHTS,SW
LGBTQ Only,NON-CRIMINAL BIAS INCIDENTS,POLYGON,12/22/2018,1,Society,Disturbance,DISTURBANCE-OTH,ROXHILL/WESTWOOD/ARBOR HEIGHTS,SW
LGBTQ Only,NON-CRIMINAL BIAS INCIDENTS,POLYGON,5/4/2018,1,Society,Harassment,HARASSMENT,SOUTH DELRIDGE,SW
LGBTQ Only,NON-CRIMINAL BIAS INCIDENTS,POLYGON,3/8/2018,1,Society,Bias Incident,BIAS INCIDENT,MORGAN,SW
Race Only,NON-CRIMINAL BIAS INCIDENTS,POLYGON,11/5/2018,1,Society,Disturbance,DISTURBANCE-NOISE,HIGH POINT,SW
Race Only,NON-CRIMINAL BIAS INCIDENTS,POLYGON,4/19/2018,1,Society,Disturbance,DISTURBANCE-FAMILY,ROXHILL/WESTWOOD/ARBOR HEIGHTS,SW
Race Only,NON-CRIMINAL BIAS INCIDENTS,POLYGON,4/21/2018,1,Society,Disturbance,DISTURBANCE-FAMILY,ROXHILL/WESTWOOD/ARBOR HEIGHTS,SW
Race Only,NON-CRIMINAL BIAS INCIDENTS,POLYGON,3/27/2018,1,Society,Disturbance,DISTURBANCE-OTH,ROXHILL/WESTWOOD/ARBOR HEIGHTS,SW
Race Only,NON-CRIMINAL BIAS INCIDENTS,POLYGON,5/25/2018,1,Society,Bias Incident,BIAS INCIDENT,HIGHLAND PARK,SW
Race Only,NON-CRIMINAL BIAS INCIDENTS,POLYGON,8/11/2018,1,Society,Dispute,DISPUTE-OTH,ALASKA JUNCTION,SW
Race Only,NON-CRIMINAL BIAS INCIDENTS,POLYGON,8/4/2018,1,Society,Disturbance,DISTURBANCE-OTH,MORGAN,SW
Race Only,NON-CRIMINAL BIAS INCIDENTS,POLYGON,8/20/2018,1,Society,Suspicious Circumstance,SUSPICIOUS CIRCUMSTANCE,SOUTH PARK,SW
Disability Only,NON-CRIMINAL BIAS INCIDENTS,POLYGON,7/15/2018,1,Society,Bias Incident,BIAS INCIDENT,SLU/CASCADE,W
Ethnicity Only,NON-CRIMINAL BIAS INCIDENTS,POLYGON,2/16/2018,1,Society,Bias Incident,BIAS INCIDENT,BELLTOWN,W
Ethnicity Only,NON-CRIMINAL BIAS INCIDENTS,POLYGON,9/15/2018,1,Society,Property Damage,PROPERTY DAMAGE-RESIDENTIAL,QUEEN ANNE,W
Ethnicity Only,NON-CRIMINAL BIAS INCIDENTS,POLYGON,1/19/2018,1,Society,Disturbance,DISTURBANCE-OTH,QUEEN ANNE,W
Gender Only,NON-CRIMINAL BIAS INCIDENTS,POLYGON,7/29/2018,1,Society,Disturbance,DISTURBANCE-OTH,SLU/CASCADE,W
Homeless Only,NON-CRIMINAL BIAS INCIDENTS,POLYGON,6/14/2018,1,Society,Disturbance,DISTURBANCE-OTH,CHINATOWN/INTERNATIONAL DISTRICT,W
Homeless Only,NON-CRIMINAL BIAS INCIDENTS,POLYGON,9/16/2018,1,Person,Assault,ASSLT-AGG-WEAPON,DOWNTOWN COMMERCIAL,W
Homeless Only,NON-CRIMINAL BIAS INCIDENTS,POLYGON,6/12/2018,1,Society,Bias Incident,BIAS INCIDENT,DOWNTOWN COMMERCIAL,W
Homeless Only,NON-CRIMINAL BIAS INCIDENTS,POLYGON,11/23/2018,1,Society,Property Damage,PROPERTY DAMAGE-NON RESIDENTIA,MAGNOLIA,W
Homeless Only,NON-CRIMINAL BIAS INCIDENTS,POLYGON,10/18/2018,1,Society,Harassment,MALICIOUS HARASSMENT,SLU/CASCADE,W
LGBTQ Only,NON-CRIMINAL BIAS INCIDENTS,POLYGON,12/21/2018,1,Society,Crisis,CRISIS,SLU/CASCADE,W
LGBTQ Only,NON-CRIMINAL BIAS INCIDENTS,POLYGON,11/24/2018,1,Society,Threats,THREATS-OTHER,SLU/CASCADE,W
LGBTQ Only,NON-CRIMINAL BIAS INCIDENTS,POLYGON,6/13/2018,1,Society,Disturbance,DISTURBANCE-OTH,DOWNTOWN COMMERCIAL,W
LGBTQ Only,NON-CRIMINAL BIAS INCIDENTS,POLYGON,4/30/2018,1,Society,Harassment,HARASSMENT,DOWNTOWN COMMERCIAL,W
LGBTQ Only,NON-CRIMINAL BIAS INCIDENTS,POLYGON,4/2/2018,1,Society,Disturbance,DISTURBANCE-OTH,DOWNTOWN COMMERCIAL,W
LGBTQ Only,NON-CRIMINAL BIAS INCIDENTS,POLYGON,7/9/2018,1,Society,Bias Incident,BIAS INCIDENT,PIONEER SQUARE,W
LGBTQ Only,NON-CRIMINAL BIAS INCIDENTS,POLYGON,10/30/2018,1,Society,Disturbance,DISTURBANCE-OTH,PIONEER SQUARE,W
LGBTQ Only,NON-CRIMINAL BIAS INCIDENTS,POLYGON,10/29/2018,1,Society,Misdemeanor Warrant/Arrest,WARRARR-MISDEMEANOR,DOWNTOWN COMMERCIAL,W
LGBTQ Only,NON-CRIMINAL BIAS INCIDENTS,POLYGON,5/13/2018,1,Society,Crisis,CRISIS,DOWNTOWN COMMERCIAL,W
LGBTQ Only,NON-CRIMINAL BIAS INCIDENTS,POLYGON,5/8/2018,1,Society,Disturbance,DISTURBANCE-OTH,MAGNOLIA,W
LGBTQ Only,NON-CRIMINAL BIAS INCIDENTS,POLYGON,7/28/2018,1,Society,Bias Incident,BIAS INCIDENT,QUEEN ANNE,W
Multiple Categories,NON-CRIMINAL BIAS INCIDENTS,POLYGON,7/6/2018,1,Society,Disturbance,DISTURBANCE-OTH,DOWNTOWN COMMERCIAL,W
Race Only,NON-CRIMINAL BIAS INCIDENTS,POLYGON,8/2/2018,1,Society,Bias Incident,BIAS INCIDENT,BELLTOWN,W
Race Only,NON-CRIMINAL BIAS INCIDENTS,POLYGON,3/16/2018,1,Society,Dispute,DISPUTE-OTH,BELLTOWN,W
Race Only,NON-CRIMINAL BIAS INCIDENTS,POLYGON,3/31/2018,1,Society,Disturbance,DISTURBANCE-OTH,BELLTOWN,W
Race Only,NON-CRIMINAL BIAS INCIDENTS,POLYGON,11/23/2018,1,Society,Harassment,HARASSMENT,BELLTOWN,W
Race Only,NON-CRIMINAL BIAS INCIDENTS,POLYGON,5/27/2018,1,Society,Bias Incident,BIAS INCIDENT,SLU/CASCADE,W
Race Only,NON-CRIMINAL BIAS INCIDENTS,POLYGON,1/12/2018,1,Person,Assault,ASSLT-NONAGG,SLU/CASCADE,W
Race Only,NON-CRIMINAL BIAS INCIDENTS,POLYGON,12/10/2018,1,Society,Disturbance,DISTURBANCE-OTH,SLU/CASCADE,W
Race Only,NON-CRIMINAL BIAS INCIDENTS,POLYGON,6/19/2018,1,Person,Assault,ASSLT-NONAGG,DOWNTOWN COMMERCIAL,W
Race Only,NON-CRIMINAL BIAS INCIDENTS,POLYGON,2/19/2018,1,Society,Disturbance,DISTURBANCE-OTH,CHINATOWN/INTERNATIONAL DISTRICT,W
Race Only,NON-CRIMINAL BIAS INCIDENTS,POLYGON,7/19/2018,1,Society,Bias Incident,BIAS INCIDENT,DOWNTOWN COMMERCIAL,W
Race Only,NON-CRIMINAL BIAS INCIDENTS,POLYGON,4/22/2018,1,Society,Disturbance,DISTURBANCE-OTH,DOWNTOWN COMMERCIAL,W
Race Only,NON-CRIMINAL BIAS INCIDENTS,POLYGON,1/22/2018,1,Society,Trespass,TRESPASS,DOWNTOWN COMMERCIAL,W
Race Only,NON-CRIMINAL BIAS INCIDENTS,POLYGON,3/24/2018,1,Society,Bias Incident,BIAS INCIDENT,PIONEER SQUARE,W
Race Only,NON-CRIMINAL BIAS INCIDENTS,POLYGON,8/4/2018,1,Society,Crisis,CRISIS,PIONEER SQUARE,W
Race Only,NON-CRIMINAL BIAS INCIDENTS,POLYGON,9/21/2018,1,Society,Crisis,CRISIS,PIONEER SQUARE,W
Race Only,NON-CRIMINAL BIAS INCIDENTS,POLYGON,6/13/2018,1,Society,Trespass,TRESPASS,PIONEER SQUARE,W
Race Only,NON-CRIMINAL BIAS INCIDENTS,POLYGON,7/3/2018,1,Society,Disturbance,DISTURBANCE-OTH,CHINATOWN/INTERNATIONAL DISTRICT,W
Race Only,NON-CRIMINAL BIAS INCIDENTS,POLYGON,10/22/2018,1,Society,Bias Incident,BIAS INCIDENT,PIONEER SQUARE,W
Race Only,NON-CRIMINAL BIAS INCIDENTS,POLYGON,2/28/2018,1,Society,Bias Incident,BIAS INCIDENT,DOWNTOWN COMMERCIAL,W
Race Only,NON-CRIMINAL BIAS INCIDENTS,POLYGON,9/23/2018,1,Society,Crisis,CRISIS,DOWNTOWN COMMERCIAL,W
Race Only,NON-CRIMINAL BIAS INCIDENTS,POLYGON,4/3/2018,1,Society,Harassment,HARASSMENT,DOWNTOWN COMMERCIAL,W
Race Only,NON-CRIMINAL BIAS INCIDENTS,POLYGON,5/30/2018,1,Society,Trespass,TRESPASS,DOWNTOWN COMMERCIAL,W
Race Only,NON-CRIMINAL BIAS INCIDENTS,POLYGON,5/20/2018,1,Society,Bias Incident,BIAS INCIDENT,DOWNTOWN COMMERCIAL,W
Race Only,NON-CRIMINAL BIAS INCIDENTS,POLYGON,12/29/2018,1,Society,Bias Incident,BIAS INCIDENT,DOWNTOWN COMMERCIAL,W
Race Only,NON-CRIMINAL BIAS INCIDENTS,POLYGON,10/29/2018,1,Society,Disturbance,DISTURBANCE-OTH,DOWNTOWN COMMERCIAL,W
Race Only,NON-CRIMINAL BIAS INCIDENTS,POLYGON,1/19/2018,1,Society,Suspicious Circumstance,SUSPICIOUS CIRCUMSTANCE,DOWNTOWN COMMERCIAL,W
Race Only,NON-CRIMINAL BIAS INCIDENTS,POLYGON,8/4/2018,1,Society,Trespass,TRESPASS,DOWNTOWN COMMERCIAL,W
Race Only,NON-CRIMINAL BIAS INCIDENTS,POLYGON,3/12/2018,1,Society,Bias Incident,BIAS INCIDENT,MAGNOLIA,W
Race Only,NON-CRIMINAL BIAS INCIDENTS,POLYGON,8/18/2018,1,Society,Disturbance,DISTURBANCE-OTH,QUEEN ANNE,W
Race Only,NON-CRIMINAL BIAS INCIDENTS,POLYGON,5/25/2018,1,Society,Disturbance,DISTURBANCE-OTH,QUEEN ANNE,W
Race Only,NON-CRIMINAL BIAS INCIDENTS,POLYGON,12/12/2018,1,Society,Harassment,MALICIOUS HARASSMENT,QUEEN ANNE,W
Religion Only,NON-CRIMINAL BIAS INCIDENTS,POLYGON,3/15/2018,1,Society,Harassment,HARASSMENT,DOWNTOWN COMMERCIAL,W
Religion Only,NON-CRIMINAL BIAS INCIDENTS,POLYGON,9/10/2018,1,Society,Bias Incident,BIAS INCIDENT,QUEEN ANNE,W
Religion Only,NON-CRIMINAL BIAS INCIDENTS,POLYGON,9/8/2018,1,Society,Property Damage,PROPERTY DAMAGE - GRAFFITI,QUEEN ANNE,W
